{
  "new": {
    "rotation": [            
    -91.44189840056676,
    70.027905533741,
    -177.38414095559665
  ],
    "position": [            
    635313.7160058499,
    4879955.65962591,
    105.0140800114819
  ]
  },
  "old": {
    "rotation": [            
      -89.40521080768816,
    -4.844350731151017,
    -178.2500069765229],
    "position": [            
      635313.8538009863,
      4879956.00353269,
      104.80736754165879
    ]
  }
}
